[
  {
    "id": "e6ec486c-4174-4267-a6f4-d7f79fe37e5b",
    "data": [
      {
        "text": "order me a TV with ",
        "userDefined": false
      },
      {
        "text": "red",
        "meta": "@colour",
        "alias": "colour",
        "userDefined": true
      }
    ],
    "isTemplate": false,
    "count": 0,
    "lang": "en",
    "updated": 0
  },
  {
    "id": "f9bf65cd-b976-4554-81ec-7b3626f13fb2",
    "data": [
      {
        "text": "order me a TV in the email of ",
        "userDefined": false
      },
      {
        "text": "fakemail@gmail.com",
        "meta": "@sys.email",
        "alias": "email1",
        "userDefined": true
      }
    ],
    "isTemplate": false,
    "count": 0,
    "lang": "en",
    "updated": 0
  },
  {
    "id": "eac05d42-1989-49d9-a943-cbee74c3326b",
    "data": [
      {
        "text": "order me a TV in the ",
        "userDefined": false
      },
      {
        "text": "2398567485",
        "meta": "@sys.phone-number",
        "alias": "phone-number",
        "userDefined": true
      }
    ],
    "isTemplate": false,
    "count": 0,
    "lang": "en",
    "updated": 0
  },
  {
    "id": "27ffc82b-9400-4e6c-9e55-00738e27cc2e",
    "data": [
      {
        "text": "order me a TV",
        "userDefined": false
      }
    ],
    "isTemplate": false,
    "count": 0,
    "lang": "en",
    "updated": 0
  }
]